,City,Cloudiness,Country,Date,Humidity,Lat,Lng,Max Temp,Wind Speed
0,Butaritari,81,KI,1562460362,70,3.07,172.79,28.94,3.47
1,Vikhorevka,61,RU,1562460364,87,56.12,101.17,16.67,4.0
2,Monte Azul,44,BR,1562460365,51,-15.15,-42.87,21.52,2.45
3,Jamestown,68,AU,1562460366,89,-33.21,138.6,12.31,1.55
4,Kodiak,1,US,1562460368,28,39.95,-94.76,28.89,1.5
5,Chicama,87,PE,1562460369,92,-7.84,-79.15,16.93,4.17
6,Bredasdorp,90,ZA,1562460370,77,-34.53,20.04,16.0,7.2
7,Cayenne,0,GF,1562460372,88,4.94,-52.33,26.0,1.5
8,Yerbogachen,96,RU,1562460373,77,61.28,108.01,19.6,2.15
9,Albany,75,US,1562460359,100,42.65,-73.75,24.44,1.5
10,Khasan,98,RU,1562460376,80,42.43,130.64,18.27,1.93
11,Comodoro Rivadavia,0,AR,1562460377,75,-45.87,-67.48,8.0,1.5
12,Mar del Plata,1,AR,1562460378,70,-46.43,-67.52,6.6,2.83
13,Muros,20,ES,1562460380,93,42.77,-9.06,18.33,1.0
14,Marquette,75,US,1562460381,59,46.54,-87.4,16.11,3.6
15,Cape Town,40,ZA,1562460381,82,-33.93,18.42,15.0,4.6
16,Raudeberg,73,NO,1562460383,71,61.99,5.14,12.0,6.7
17,Avarua,24,CK,1562460385,60,-21.21,-159.78,24.0,6.2
18,Rikitea,100,PF,1562460386,76,-23.12,-134.97,21.15,10.22
19,Nueva Loja,95,EC,1562460388,99,0.08,-76.88,21.02,1.08
20,Busselton,68,AU,1562460389,89,-33.64,115.35,12.22,7.4
21,Bongandanga,98,CD,1562460390,90,1.51,21.07,22.8,0.67
22,Port Hedland,0,AU,1562460392,52,-20.31,118.58,19.0,3.6
23,Varhaug,75,NO,1562460393,87,58.61,5.65,11.67,7.2
24,Vaini,75,IN,1562460394,94,15.34,74.49,22.0,8.2
25,Tasiilaq,75,GL,1562460395,93,65.61,-37.64,2.0,5.1
26,Teguldet,99,RU,1562460397,76,57.31,88.17,17.14,1.66
27,Thompson,75,CA,1562460398,29,55.74,-97.86,25.0,5.7
28,Punta Arenas,0,CL,1562460399,93,-53.16,-70.91,6.0,6.7
29,Ibra,53,OM,1562460401,42,22.69,58.55,28.53,0.64
30,Bilibino,2,RU,1562460402,39,68.06,166.44,20.7,6.43
31,Puerto Ayora,75,EC,1562460404,78,-0.74,-90.35,24.0,3.6
32,Nola,85,CF,1562460406,95,3.52,16.05,20.45,0.63
33,Jiazi,0,CN,1562460407,83,19.61,110.49,29.0,2.0
34,Port Elizabeth,1,US,1562460408,94,39.31,-74.98,28.0,2.79
35,Sancti Spiritus,42,CU,1562460410,82,21.93,-79.44,26.13,3.46
36,Serenje,0,ZM,1562460411,63,-13.23,30.22,10.39,1.56
37,Honningsvag,1,NO,1562460412,87,70.98,25.97,8.13,9.15
38,Hobart,0,AU,1562460414,81,-42.88,147.33,8.0,2.6
39,Talnakh,0,RU,1562460415,71,69.49,88.39,12.0,7.0
40,Provideniya,58,RU,1562460416,37,64.42,-173.23,20.26,3.13
41,Qaanaaq,80,GL,1562460418,60,77.48,-69.36,6.85,1.95
42,La Ronge,75,CA,1562460419,43,55.1,-105.3,22.0,3.1
43,Tiksi,27,RU,1562460420,75,71.64,128.87,5.48,2.85
44,Saint George,0,GR,1562460422,68,39.45,22.34,26.67,0.25
45,Bluff,82,AU,1562460423,77,-23.58,149.07,17.54,9.16
46,Graaff-Reinet,69,ZA,1562460424,45,-32.25,24.53,13.51,5.38
47,Sitka,69,US,1562460426,63,37.17,-99.65,28.33,0.45
48,Ushuaia,20,AR,1562460427,75,-54.81,-68.31,5.0,14.4
49,Chuy,72,UY,1562460339,70,-33.69,-53.46,7.13,4.44
50,Luderitz,0,NA,1562460430,83,-26.65,15.16,13.48,8.61
51,Naranjal,0,PY,1562460439,75,-25.97,-55.19,5.0,3.1
52,Georgetown,75,GY,1562460356,94,6.8,-58.16,26.0,2.1
53,Nikolskoye,20,RU,1562460442,87,59.7,30.79,10.56,0.92
54,Macamic,20,CA,1562460443,45,48.75,-79.0,19.0,2.6
55,Saint-Philippe,75,CA,1562460445,50,45.36,-73.48,26.0,2.6
56,Hermanus,78,ZA,1562460446,87,-34.42,19.24,15.56,6.26
57,Rio Gallegos,40,AR,1562460447,80,-51.62,-69.22,3.0,1.0
58,Havelock,1,US,1562460449,83,34.88,-76.9,28.33,7.2
59,Ust-Nera,94,RU,1562460450,67,64.57,143.24,10.74,1.15
60,Pangai,20,TO,1562460158,65,-19.8,-174.35,26.0,6.2
61,Chokurdakh,99,RU,1562460453,77,70.62,147.9,8.73,4.82
62,Diamantino,51,BR,1562460454,46,-14.4,-56.44,15.63,2.09
63,Kapaa,75,US,1562460236,74,22.08,-159.32,29.0,5.1
64,East London,27,ZA,1562460412,43,-33.02,27.91,18.55,7.82
65,Beian,75,NO,1562460458,93,63.66,9.57,10.56,3.1
66,Severo-Kurilsk,60,RU,1562460459,94,50.68,156.12,6.6,2.27
67,Calabozo,78,VE,1562460460,88,8.92,-67.43,24.89,1.32
68,Laon,0,FR,1562460462,77,49.56,3.62,16.0,2.1
69,Ampanihy,9,MG,1562460463,95,-24.69,44.75,17.0,0.26
70,Port Lincoln,0,AU,1562460464,70,-34.72,135.86,14.35,7.11
71,Emerald,90,AU,1562460465,77,-23.53,148.16,18.33,5.7
72,Vao,46,EE,1562460467,97,59.1,26.19,9.2,2.39
73,Presidencia Roque Saenz Pena,0,AR,1562460468,59,-26.79,-60.44,6.42,1.97
74,Cockburn Town,0,TC,1562460469,78,21.46,-71.14,27.82,10.1
75,Rudnaya Pristan,3,RU,1562460471,54,44.36,135.82,22.69,1.43
76,Laguna,75,BZ,1562460472,94,16.17,-88.94,26.0,2.1
77,Upernavik,36,GL,1562460473,69,72.79,-56.15,7.88,3.65
78,Thurso,20,CA,1562460475,44,45.6,-75.25,24.0,3.1
79,Palmer,75,AU,1562460476,82,-34.85,139.16,15.0,3.6
80,Atuona,14,PF,1562460449,80,-9.8,-139.03,26.78,7.6
81,Constitucion,75,MX,1562460478,10,23.99,-104.67,29.0,4.1
82,San Luis,40,AR,1562460480,53,-33.3,-66.34,9.54,4.12
83,Ribeira Grande,25,PT,1562460481,91,38.52,-28.7,21.41,6.23
84,Yellowknife,75,CA,1562460482,59,62.45,-114.38,17.0,3.6
85,Ponta do Sol,22,BR,1562460484,70,-20.63,-46.0,8.41,1.17
86,Cantanhede,97,BR,1562460485,97,-3.64,-44.38,23.44,2.24
87,Canberra,48,AU,1562460486,76,-35.3,149.1,11.67,0.55
88,Pevek,4,RU,1562460440,71,69.7,170.27,9.03,9.91
89,Huarmey,67,PE,1562460489,89,-10.07,-78.15,17.54,4.8
90,Meulaboh,57,ID,1562460491,84,4.14,96.13,26.83,2.46
91,Miracatu,0,BR,1562460492,79,-24.28,-47.45,8.26,0.92
92,Calais,90,FR,1562460493,87,50.95,1.87,16.67,1.5
93,Samarinda,21,ID,1562460494,90,-0.5,117.14,25.1,1.31
94,Mataura,59,NZ,1562460496,74,-46.19,168.86,10.0,3.58
95,Samarai,33,PG,1562460450,88,-10.62,150.67,25.15,3.12
96,Pihuamo,75,MX,1562460432,74,19.25,-103.38,28.0,5.1
97,Saint-Francois,36,FR,1562460501,93,46.42,3.91,18.0,2.1
98,Portland,20,US,1562460254,94,43.66,-70.25,23.33,1.5
99,Barra do Garcas,0,BR,1562460494,52,-15.89,-52.26,15.92,2.03
100,Pucallpa,75,PE,1562460520,93,-8.38,-74.54,18.0,6.7
101,Dikson,1,RU,1562460521,88,73.51,80.55,1.8,7.12
102,Lavrentiya,26,RU,1562460523,30,65.58,-170.99,22.9,3.11
103,Katsuura,75,JP,1562460524,74,33.93,134.5,26.0,4.6
104,New Norfolk,0,AU,1562460525,81,-42.78,147.06,8.0,2.6
105,Deputatskiy,6,RU,1562460527,57,69.3,139.9,14.04,6.25
106,Senanga,0,ZM,1562460528,34,-16.1,23.3,11.97,2.19
107,Lieksa,94,FI,1562460533,76,63.32,30.02,12.6,0.77
108,Carnarvon,65,ZA,1562460542,84,-30.97,22.13,7.19,7.51
109,Santa Isabel do Rio Negro,70,BR,1562460543,97,-0.41,-65.02,23.57,1.28
110,Wattegama,99,LK,1562460545,79,7.35,80.68,22.69,1.72
111,Hwange,0,ZW,1562460546,28,-18.35,26.5,11.6,2.61
112,Arraial do Cabo,1,BR,1562460547,72,-22.97,-42.02,18.66,10.28
113,Puerto Escondido,75,MX,1562460549,38,15.86,-97.07,25.0,6.2
114,Iquitos,75,PE,1562460550,88,-3.75,-73.25,24.0,2.1
115,Normandin,20,CA,1562460551,42,48.84,-72.53,19.0,6.2
116,Cidreira,100,BR,1562460454,68,-30.17,-50.22,8.94,4.06
117,Novikovo,92,RU,1562460569,84,51.15,37.89,10.87,3.66
118,Wangaratta,90,AU,1562460570,87,-36.36,146.32,13.89,2.1
119,Cabo San Lucas,75,MX,1562460490,24,22.89,-109.91,35.0,8.7
120,Kahului,20,US,1562460573,46,20.89,-156.47,33.0,9.3
121,Shilka,100,RU,1562460574,70,51.85,116.03,15.2,0.85
122,Kiruna,100,SE,1562460575,100,67.86,20.23,8.0,3.6
123,Abapo,11,BO,1562460577,66,-18.83,-63.47,9.33,0.77
124,Kashary,4,RU,1562460578,90,49.04,41.01,13.75,1.4
125,Bethel,1,US,1562460578,32,60.79,-161.76,34.0,3.6
126,Pandan,9,PH,1562460581,72,11.72,122.09,28.48,2.53
127,Uyemskiy,40,RU,1562460582,100,64.47,40.85,13.0,1.0
128,Bagnacavallo,0,IT,1562460583,57,44.42,11.98,27.22,2.6
129,Barrow,0,AR,1562460585,72,-38.31,-60.23,5.3,4.13
130,College,75,US,1562460586,32,64.86,-147.8,29.44,2.1
131,Faya,0,SA,1562460588,88,18.39,42.45,22.0,1.2
132,Lashio,100,MM,1562460589,99,22.93,97.75,20.91,1.58
133,Lao Cai,100,VN,1562460590,95,22.48,103.95,19.15,1.5
134,Mala Vyska,0,UA,1562460592,87,48.64,31.63,13.88,3.45
135,Ambilobe,5,MG,1562460593,83,-13.19,49.05,21.26,2.36
136,Mount Gambier,75,AU,1562460594,93,-37.83,140.78,11.0,4.6
137,Beringovskiy,31,RU,1562460596,70,63.05,179.32,13.45,2.93
138,Airai,86,TL,1562460597,56,-8.93,125.41,22.39,1.39
139,Gopalganj,100,BD,1562460598,87,23.01,89.83,26.81,4.05
140,Estancia,75,US,1562460600,68,34.76,-106.06,23.33,5.1
141,Saint-Pierre,0,FR,1562460601,67,48.95,4.24,19.0,3.1
142,Jabinyanah,0,TN,1562460602,65,35.03,10.91,25.0,3.02
143,Aswan,0,EG,1562460604,16,24.09,32.9,29.0,3.6
144,Lebu,40,ET,1562460605,87,8.96,38.73,14.0,1.5
145,Mbini,40,GQ,1562460607,100,1.58,9.62,25.0,39.1
146,Ketchikan,1,US,1562460508,44,55.34,-131.65,27.0,5.1
147,Arlit,0,NE,1562460609,9,18.74,7.39,35.9,3.63
148,Plettenberg Bay,99,ZA,1562460616,91,-34.05,23.37,13.58,8.01
149,Nampula,75,MZ,1562460620,93,-15.12,39.26,19.0,1.5
150,Cherskiy,28,RU,1562460621,33,68.75,161.3,24.61,8.4
151,Paris,0,FR,1562460559,63,48.86,2.35,20.0,3.1
152,Antalaha,16,MG,1562460624,98,-14.9,50.28,17.2,1.56
153,Hithadhoo,93,MV,1562460625,71,-0.6,73.08,28.8,4.29
154,Paamiut,97,GL,1562460627,78,61.99,-49.67,7.32,1.5
155,Shimoda,75,JP,1562460628,88,34.7,138.93,25.56,9.8
156,Rudnyy,0,KZ,1562460634,93,52.96,63.12,10.0,2.0
157,Makat,67,KZ,1562460524,26,47.65,53.35,23.79,2.19
158,Rorvik,100,NO,1562460645,94,64.86,11.24,8.33,6.77
159,Port Macquarie,46,AU,1562460646,82,-31.43,152.91,18.33,2.1
160,Zavetnoye,8,RU,1562460648,83,47.12,43.89,17.86,1.88
161,Maceio,0,BR,1562460594,88,-9.67,-35.74,23.0,2.6
162,Zyryanka,98,RU,1562460650,41,65.73,150.89,19.32,7.5
163,Beloye,53,RU,1562460651,95,54.58,42.45,9.56,4.3
164,Tiznit,94,MA,1562460653,89,29.7,-9.73,19.24,4.1
165,Olinda,75,AU,1562460654,67,-37.84,145.39,15.56,4.6
166,Pisco,90,PE,1562460449,82,-13.71,-76.2,17.0,6.7
167,Kloulklubed,75,PW,1562460657,74,7.04,134.26,29.0,1.5
168,Maragogi,13,BR,1562460624,95,-9.01,-35.22,21.75,1.32
169,Banda Aceh,1,ID,1562460659,68,5.56,95.32,28.26,1.07
170,Geraldton,40,CA,1562460660,37,49.72,-86.95,21.0,2.1
171,Kalmunai,98,LK,1562460662,78,7.42,81.82,24.0,1.09
172,Grindavik,0,IS,1562460663,93,63.84,-22.43,11.0,1.5
173,Upata,59,VE,1562460664,80,8.02,-62.41,27.78,1.34
174,Pacific Grove,1,US,1562460666,63,36.62,-121.92,26.67,5.7
175,Klyuchi,45,RU,1562460667,74,52.25,79.17,19.48,6.0
176,Sao Filipe,58,CV,1562460668,84,14.9,-24.5,22.89,8.1
177,Tommot,95,RU,1562460669,84,58.97,126.27,17.39,0.85
178,Port Hardy,40,CA,1562460671,77,50.7,-127.42,17.0,4.1
179,San Carlos de Bariloche,0,AR,1562460672,69,-41.13,-71.31,4.0,3.1
180,Grand Gaube,75,MU,1562460673,73,-20.01,57.66,23.0,5.1
181,Richards Bay,0,ZA,1562460675,50,-28.77,32.06,21.86,7.5
182,Balikpapan,65,ID,1562460676,93,-1.24,116.86,23.26,1.77
183,Ossora,100,RU,1562460678,77,59.24,163.07,11.65,2.99
184,Fairbanks,75,US,1562460649,32,64.84,-147.72,29.44,2.1
185,Edd,64,ER,1562460680,30,13.93,41.69,33.11,2.08
186,Luz,60,BR,1562460682,57,-19.79,-45.68,11.35,3.23
187,Khatanga,62,RU,1562460683,65,71.98,102.47,8.87,6.85
188,Yulara,19,AU,1562460463,58,-25.24,130.99,14.0,5.7
189,San Patricio,0,PY,1562460686,73,-26.98,-56.83,3.79,1.49
190,Eskisehir,0,TR,1562460687,72,39.78,30.52,16.11,3.1
191,Turukhansk,97,RU,1562460689,91,65.8,87.96,16.12,3.24
192,Carutapera,38,BR,1562460690,89,-1.2,-46.02,25.22,2.94
193,Half Moon Bay,1,US,1562460691,82,37.46,-122.43,24.0,3.6
194,Tarquinia,40,IT,1562460693,88,42.25,11.76,24.0,2.6
195,Coihaique,0,CL,1562460694,93,-45.58,-72.07,2.0,1.12
196,Lesosibirsk,47,RU,1562460695,89,58.22,92.49,16.49,0.69
197,Hilo,20,US,1562460509,58,19.71,-155.08,29.0,5.1
198,Bathsheba,40,BB,1562460698,74,13.22,-59.52,28.0,5.7
199,Tuktoyaktuk,90,CA,1562460699,93,69.44,-133.03,5.0,12.3
200,Acapulco,75,MX,1562460700,79,16.86,-99.88,30.0,5.7
201,Namatanai,74,PG,1562460702,82,-3.66,152.44,26.41,5.91
202,Opuwo,0,NA,1562460703,28,-18.06,13.84,13.02,2.64
203,Sarkand,100,KZ,1562460704,32,45.41,79.91,25.11,2.54
204,Saint-Augustin,20,CA,1562460706,47,45.63,-73.98,24.44,4.1
205,Emba,0,CY,1562460707,73,34.81,32.42,25.0,3.1
206,Elizabeth City,90,US,1562460708,74,36.3,-76.22,31.11,2.1
207,Huayang,100,CN,1562460710,78,23.62,115.49,27.64,1.45
208,Tynda,10,RU,1562460711,47,55.15,124.74,22.25,1.57
209,Ewa Beach,20,US,1562460712,46,21.32,-158.01,32.0,6.2
210,Castro,0,CL,1562460714,100,-42.48,-73.76,6.0,2.1
211,Mezen,100,RU,1562460715,95,65.85,44.24,13.61,2.53
212,Puerto Madryn,15,AR,1562460485,58,-42.77,-65.04,9.36,4.04
213,Coquimbo,90,CL,1562460718,87,-29.95,-71.34,13.33,2.6
214,Santa Cruz,46,BR,1562460719,85,-6.22,-36.02,21.04,2.94
215,Dakar,38,SN,1562460470,83,14.69,-17.45,25.0,3.6
216,Nakusp,87,CA,1562460722,75,50.24,-117.8,19.44,0.45
217,Mussomeli,0,IT,1562460723,62,37.58,13.75,26.67,1.79
218,Birjand,0,IR,1562460724,23,32.86,59.22,24.0,5.1
219,Amparo,0,BR,1562460725,71,-22.7,-46.76,10.0,1.5
220,Pompeu,0,BR,1562460727,50,-21.05,-48.85,11.0,1.0
221,Pangnirtung,100,CA,1562460448,88,66.15,-65.72,6.5,1.05
222,Berlevag,36,NO,1562460729,88,70.86,29.09,7.14,10.59
223,Vestmannaeyjar,0,IS,1562460731,77,63.44,-20.27,11.99,6.25
224,Alofi,78,NU,1562460732,74,-19.06,-169.92,26.0,8.2
225,Vila Franca do Campo,75,PT,1562460733,77,37.72,-25.43,20.0,2.1
226,Saldanha,0,PT,1562460735,80,41.42,-6.55,16.9,1.63
227,Narsaq,85,GL,1562460736,66,60.91,-46.05,12.0,2.6
228,Dehloran,0,IR,1562460737,16,32.69,47.27,28.2,5.75
229,Naantali,90,FI,1562460739,93,60.45,22.03,11.11,0.5
230,Saint Anthony,1,US,1562460740,21,43.97,-111.68,28.0,2.1
231,Nsoko,0,ZA,1562460741,7,-27.07,31.93,19.94,7.91
232,Trinidad,68,BO,1562460743,56,-14.83,-64.9,15.07,2.17
233,Birao,80,CF,1562460744,82,10.3,22.78,24.53,0.56
234,Tevaitoa,13,PF,1562460745,85,-16.78,-151.5,24.83,9.05
235,Pingliang,60,CN,1562460746,83,35.54,106.68,18.33,1.25
236,Alice Springs,0,AU,1562460748,33,-23.7,133.88,14.0,2.45
237,Cavalcante,75,BR,1562460749,59,-13.79,-47.46,19.6,1.72
238,Port Alfred,36,ZA,1562460750,91,-33.59,26.89,13.89,4.92
239,Makakilo City,20,US,1562460752,58,21.35,-158.09,32.0,4.6
240,Temir,14,KZ,1562460753,53,49.14,57.13,16.51,4.01
241,Hamilton,90,CA,1562460539,88,43.26,-79.87,26.67,3.6
242,Jiuquan,100,CN,1562460755,54,39.73,98.49,15.03,3.63
243,Port-Gentil,52,GA,1562460757,86,-0.72,8.78,23.41,6.41
244,Santiago,54,PH,1562460758,70,16.69,121.54,27.48,0.41
245,Paraiso,40,BR,1562460760,94,-0.03,-51.17,28.0,4.6
246,Salalah,90,OM,1562460761,88,17.01,54.1,28.0,1.5
247,Prainha,24,BR,1562460762,78,-1.8,-53.48,25.61,1.27
248,Porbandar,100,IN,1562460763,83,21.64,69.61,28.32,9.06
249,Kony,0,HU,1562460765,83,47.63,17.36,23.0,3.1
250,Narasannapeta,100,IN,1562460766,89,18.42,84.04,25.22,1.98
251,Virden,45,CA,1562460767,65,49.85,-100.93,22.27,4.38
252,Kilrush,75,IE,1562460769,87,51.96,-8.06,17.22,5.7
253,Ancud,0,CL,1562460770,100,-41.87,-73.83,6.0,2.1
254,La Romana,40,DO,1562460771,100,18.43,-68.97,28.0,4.17
255,Megion,94,RU,1562460773,82,61.04,76.11,16.0,2.0
256,Nouakchott,78,MR,1562460774,83,18.08,-15.98,24.0,5.7
257,Obzor,0,BG,1562460775,88,42.82,27.88,21.11,2.6
258,Tuy Hoa,35,VN,1562460518,80,13.08,109.3,25.07,3.87
259,Flin Flon,68,CA,1562460778,22,54.77,-101.88,26.19,2.6
260,Bambous Virieux,75,MU,1562460779,73,-20.34,57.76,23.0,5.1
261,Poum,0,MK,1562460781,74,41.28,20.71,15.59,1.02
262,Haines Junction,79,CA,1562460782,24,60.75,-137.51,24.05,4.21
263,Ilulissat,20,GL,1562460783,54,69.22,-51.1,12.0,1.5
264,Waipawa,17,NZ,1562460785,70,-39.94,176.59,11.67,6.26
265,Gamba,94,CN,1562460786,75,28.28,88.52,4.73,1.07
266,Angoche,0,MZ,1562460787,93,-16.23,39.91,18.29,1.86
267,Margate,0,AU,1562460789,81,-43.03,147.26,8.0,2.6
268,Shizunai,100,JP,1562460790,94,42.33,142.37,14.57,0.41
269,Krasnogorskoye,28,RU,1562460791,93,57.7,52.5,10.05,3.28
270,Leningradskiy,67,RU,1562460793,56,69.38,178.42,13.9,5.19
271,Kodinar,100,IN,1562460794,79,20.79,70.7,27.99,6.34
272,Vila Velha,20,BR,1562460795,69,-3.71,-38.6,30.0,2.1
273,Sao Felix do Xingu,57,BR,1562460796,96,-6.64,-51.99,21.4,1.65
274,Tehachapi,0,US,1562460798,17,35.13,-118.45,38.89,8.2
275,Bo Phloi,100,TH,1562460799,90,14.32,99.52,23.73,1.63
276,Hengshan,75,TW,1562460801,74,24.72,121.14,33.0,10.3
277,Pasaje,90,EC,1562460802,83,-3.33,-79.81,32.0,0.91
278,Saskylakh,100,RU,1562460803,91,71.97,114.09,7.4,3.76
279,Tessalit,70,ML,1562460518,35,20.2,1.01,31.74,7.0
280,Hambantota,20,LK,1562460806,100,6.12,81.12,26.0,3.1
281,Mashhad,0,IR,1562460634,40,36.3,59.61,23.0,2.1
282,Norman Wells,75,CA,1562460808,45,65.28,-126.83,18.0,9.3
283,Bell Ville,0,AR,1562460809,71,-32.63,-62.69,7.01,3.96
284,Esperance,68,AU,1562460811,93,-33.86,121.89,9.0,4.6
285,Buraydah,40,SA,1562460812,28,26.33,43.97,30.0,3.1
286,Mehran,0,IR,1562460813,13,33.12,46.17,23.0,1.0
287,Longyearbyen,0,NO,1562460815,66,78.22,15.63,12.0,1.5
288,San Cristobal,50,HN,1562460816,73,14.68,-86.92,23.58,2.85
289,Tarakan,40,ID,1562460817,88,3.3,117.63,28.0,2.1
290,Palauig,60,PH,1562460819,75,15.44,119.9,28.9,6.32
291,Zaragoza,0,SV,1562460709,66,13.59,-89.29,31.0,1.5
292,Clyde River,90,CA,1562460821,93,70.47,-68.59,3.0,5.7
293,Kaitangata,24,NZ,1562460822,43,-46.28,169.85,12.22,6.71
294,Mayskiy,75,RU,1562460824,77,43.63,44.06,19.0,3.57
295,Whyalla,90,AU,1562460825,82,-33.04,137.58,14.0,1.5
296,Luzon,1,US,1562460826,41,38.01,-122.25,30.0,4.6
297,Makhinjauri,40,GE,1562460828,83,41.67,41.69,21.0,4.1
298,Hasaki,75,JP,1562460829,100,35.73,140.83,20.0,11.3
299,Ngunguru,0,NZ,1562460830,71,-35.62,174.5,13.89,2.24
300,Mahebourg,75,MU,1562460832,73,-20.41,57.7,23.0,5.1
301,Vilyuysk,96,RU,1562460833,68,63.75,121.63,13.49,3.05
302,Ternate,20,PH,1562460834,74,14.29,120.72,31.67,3.1
303,Golden,1,US,1562460701,44,39.76,-105.22,26.67,1.5
304,San Matias,37,BO,1562460837,40,-16.36,-58.4,15.09,2.37
305,Shingu,20,JP,1562460838,74,33.72,135.99,26.0,2.6
306,Igarka,29,RU,1562460840,62,67.47,86.57,14.08,4.83
307,Farafangana,85,MG,1562460841,90,-22.82,47.83,17.92,1.57
308,Beliator,90,IN,1562460842,94,23.33,87.22,28.89,2.6
309,Trincomalee,100,LK,1562460844,77,8.58,81.23,25.95,3.36
310,Iqaluit,75,CA,1562460845,87,63.75,-68.52,6.0,5.1
311,Karasjok,100,NO,1562460846,93,69.47,25.52,9.0,9.8
312,Coahuayana,64,MX,1562460848,62,18.62,-100.35,30.66,0.71
313,Lerwick,100,GB,1562460849,81,60.15,-1.15,9.0,5.1
314,Kainantu,81,PG,1562460850,82,-6.29,145.87,17.57,0.75
315,Rafsanjan,0,IR,1562460851,18,30.4,55.99,22.56,2.52
316,Santa Ines,75,EC,1562460853,87,-0.82,-78.63,10.0,7.7
317,Yako,52,BF,1562460854,44,12.96,-2.26,30.95,2.85
318,Bani Walid,0,LY,1562460855,47,31.76,14.0,22.92,2.45
319,Mundwa,65,IN,1562460857,69,27.06,73.82,29.66,9.66
320,Mana,8,NG,1562460858,45,13.03,5.27,31.4,3.89
321,Gorom-Gorom,18,BF,1562460859,30,14.45,-0.24,34.83,1.12
322,Evensk,45,RU,1562460861,64,61.92,159.24,14.13,2.1
323,Calvinia,86,ZA,1562460862,89,-31.47,19.78,9.29,3.69
324,Marsh Harbour,9,BS,1562460863,72,26.54,-77.06,28.43,6.69
325,Mandapam,100,IN,1562460865,71,9.28,79.12,28.47,8.22
326,Pringsewu,0,ID,1562460866,86,-5.36,104.98,22.34,1.29
327,Mnogovershinnyy,93,RU,1562460867,64,53.94,139.92,21.19,2.29
328,Prabumulih,28,ID,1562460869,98,-3.5,104.19,23.21,0.99
329,Tortoli,5,IT,1562460870,88,39.93,9.66,25.0,5.7
330,Faanui,3,PF,1562460871,82,-16.48,-151.75,25.71,7.67
331,Berberati,100,CF,1562460873,94,4.26,15.79,20.46,0.78
332,Ust-Maya,100,RU,1562460874,80,60.42,134.54,14.52,1.84
333,Flagstaff,1,US,1562460875,13,35.2,-111.65,35.56,5.7
334,Te Anau,49,NZ,1562460877,76,-45.41,167.72,6.64,5.44
335,Nagod,98,IN,1562460878,88,24.57,80.59,24.68,4.43
336,Sibolga,69,ID,1562460879,78,1.74,98.78,26.87,1.25
337,Marzuq,96,YE,1562460881,43,14.4,46.47,25.03,2.02
338,Lorengau,94,PG,1562460882,83,-2.02,147.27,27.26,3.62
339,Ihosy,44,MG,1562460883,87,-22.4,46.13,13.14,1.04
340,Atambua,82,ID,1562460885,67,-9.11,124.89,23.58,7.01
341,Broome,81,GB,1562460886,87,52.47,1.45,14.0,1.5
342,Nokaneng,0,BW,1562460887,20,-19.66,22.19,11.32,1.71
343,Nyrob,94,RU,1562460889,97,60.74,56.73,9.15,2.25
344,Carver,20,US,1562460890,100,41.88,-70.76,23.89,3.13
345,Nguruka,46,TZ,1562460891,61,-5.11,31.04,19.87,0.11
346,Tongliao,64,CN,1562460893,65,43.61,122.27,22.4,2.21
347,Fort Nelson,75,CA,1562460894,31,58.81,-122.69,26.0,2.6
348,Rosetta,0,EG,1562460896,69,31.4,30.42,27.0,5.7
349,Yantal,100,RU,1562460897,93,56.85,105.25,15.69,3.41
350,Palana,94,RU,1562460898,84,59.08,159.95,11.06,4.5
351,Bonavista,86,CA,1562460899,80,48.65,-53.11,11.67,0.89
352,Pemberton,22,AU,1562460901,100,-34.44,116.03,10.56,0.45
353,Ichinohe,75,JP,1562460902,93,40.14,141.28,17.0,5.1
354,Muravlenko,0,RU,1562460903,82,63.79,74.5,13.76,4.82
355,Tura,98,RU,1562460905,92,64.27,100.22,11.88,0.88
356,Kawalu,62,ID,1562460906,92,-7.38,108.21,20.03,1.24
357,Balabac,25,PH,1562460907,76,7.99,117.06,28.36,3.73
358,Labuhan,0,ID,1562460909,80,-2.54,115.51,24.82,0.35
359,Damietta,0,EG,1562460910,83,31.42,31.81,27.0,2.6
360,Henties Bay,0,NA,1562460911,96,-22.12,14.28,11.11,1.8
361,Dingle,22,PH,1562460913,82,11.0,122.67,27.02,2.72
362,Praya,20,ID,1562460914,88,-8.71,116.27,22.0,2.81
363,Port Blair,75,IN,1562460915,83,11.67,92.75,28.0,3.6
364,Sesheke,0,NA,1562460917,31,-17.47,24.29,11.15,1.4
365,Pimentel,9,BR,1562460918,94,-3.7,-45.5,23.37,1.58
366,Fortuna,75,US,1562460919,67,40.6,-124.16,21.67,7.7
367,Pacureti,0,RO,1562460921,88,45.15,26.13,19.0,2.6
368,Mount Isa,75,AU,1562460922,60,-20.73,139.49,22.0,4.1
369,Cap Malheureux,75,MU,1562460923,73,-19.98,57.61,23.0,5.1
370,Keti Bandar,63,PK,1562460925,81,24.14,67.45,29.17,6.97
371,Tuatapere,88,NZ,1562460926,73,-46.13,167.69,10.56,3.13
372,Milkovo,1,BG,1562460927,82,41.53,24.68,26.67,2.1
373,Tsumeb,0,NA,1562460928,14,-19.25,17.72,13.96,3.42
374,Saint-Louis,75,SN,1562460930,78,16.03,-16.5,26.0,2.1
375,Nemuro,75,JP,1562460931,87,43.32,145.57,16.0,0.5
376,Almaznyy,0,RU,1562460932,93,48.03,40.04,15.0,1.0
377,Zhaotong,100,CN,1562460934,93,27.34,103.71,14.07,1.04
378,Sangmelima,76,CM,1562460935,99,2.93,11.98,19.62,1.73
379,Rutland,20,US,1562460904,94,43.61,-72.97,24.0,0.86
380,Baykit,0,RU,1562460938,76,61.68,96.39,15.79,2.93
381,Urengoy,98,RU,1562460939,58,65.96,78.37,14.18,5.64
382,Koidu,99,SL,1562460940,99,8.64,-10.97,21.26,0.83
383,Nizhneivkino,55,RU,1562460942,95,58.19,49.52,10.1,2.41
384,Batagay,84,RU,1562460943,35,67.65,134.64,21.53,0.83
385,Nanortalik,100,GL,1562460944,71,60.14,-45.24,6.76,1.77
386,Roald,75,NO,1562460945,81,62.58,6.12,11.11,5.1
387,Klaksvik,100,FO,1562460947,87,62.23,-6.59,8.0,8.2
388,Aklavik,75,CA,1562460948,58,68.22,-135.01,12.0,8.7
389,Jiangyou,99,CN,1562460950,67,31.78,104.73,18.98,0.53
390,Komsomolskiy,4,RU,1562460951,58,67.55,63.78,9.57,7.92
391,Pangani,40,KE,1562460952,82,-2.37,40.57,25.0,6.79
392,Karratha,0,AU,1562460954,53,-20.74,116.85,18.97,6.97
393,Montevideo,1,US,1562460672,50,44.94,-95.72,26.0,3.1
394,Sao Gabriel da Cachoeira,90,BR,1562460787,96,-0.13,-67.09,23.35,0.43
395,Kropotkin,0,RU,1562460957,67,45.43,40.58,16.77,1.25
396,Ocos,40,GT,1562460959,79,14.51,-92.19,29.0,2.1
397,Fonte Boa,79,BR,1562460960,83,-2.51,-66.09,25.75,3.13
398,Corinto,20,CO,1562460961,65,3.17,-76.26,26.0,6.2
399,Adrar,0,DZ,1562460963,10,27.87,-0.29,35.0,5.1
400,Vardo,40,US,1562460964,88,39.62,-77.74,25.56,1.5
401,Solnechnyy,23,RU,1562460965,66,50.72,136.64,25.34,1.27
402,Rio Tercero,4,AR,1562460858,61,-32.17,-64.11,5.99,3.27
403,Souillac,0,FR,1562460968,88,45.6,-0.6,21.11,2.6
404,Ixtapa,75,MX,1562460969,58,20.71,-105.21,30.0,5.7
405,Kurilsk,90,RU,1562460921,91,45.23,147.88,9.72,3.16
406,Manokwari,43,ID,1562460694,68,-0.87,134.08,25.44,1.75
407,Yagodnoye,93,RU,1562460973,65,62.52,149.63,11.79,2.86
408,Krasnoye Selo,20,RU,1562460974,87,59.73,30.09,8.0,1.0
409,Mineiros,1,BR,1562460976,45,-17.57,-52.55,10.78,3.86
410,Cabra,0,ES,1562460977,53,37.47,-4.43,25.0,3.1
411,Gizo,40,IL,1562460978,78,31.8,34.94,25.0,3.6
412,Honiara,75,SB,1562460980,58,-9.43,159.96,31.0,2.6
413,Archidona,100,EC,1562460981,98,-0.91,-77.81,14.88,0.76
414,Kavieng,99,PG,1562460982,73,-2.57,150.8,28.42,4.94
415,Torbay,75,CA,1562460984,72,47.66,-52.73,17.22,5.1
416,Imeni Poliny Osipenko,2,RU,1562460985,60,52.42,136.49,24.43,1.46
417,Hapao,61,PH,1562460986,82,16.88,121.02,21.13,0.72
418,Gurupi,0,BR,1562460988,47,-11.73,-49.07,25.89,3.61
419,Mirnyy,72,RU,1562460989,98,56.57,36.46,7.27,3.67
420,Sola,84,TZ,1562460990,61,-3.17,33.8,21.11,2.34
421,Kovernino,67,RU,1562460991,97,57.13,43.81,8.11,0.09
422,Homer,1,US,1562460842,77,59.64,-151.54,26.67,5.7
423,Victoria,75,BN,1562460994,83,5.28,115.24,29.0,1.47
424,Darhan,90,MN,1562460996,68,49.49,105.92,17.43,3.82
425,Bangassou,100,CF,1562460997,98,4.74,22.82,20.79,0.26
426,Punta Alta,0,AR,1562460998,75,-27.46,-55.82,7.0,2.1
427,San Pedro,0,AR,1562460989,80,-33.68,-59.66,5.0,0.45
428,Naze,100,NG,1562461001,95,5.43,7.07,23.57,2.65
429,Santa Helena,3,BR,1562461002,98,-2.23,-45.3,23.05,1.63
430,Filadelfia,0,PY,1562461003,47,-22.35,-60.04,8.37,2.71
431,Makurdi,33,NG,1562461005,91,7.73,8.54,23.84,1.33
432,Gorodets,20,RU,1562461006,93,56.65,43.48,11.67,2.0
433,High Level,75,CA,1562461008,26,58.52,-117.13,26.0,2.1
434,Florence,1,US,1562461009,78,34.2,-79.77,31.0,3.65
435,Lucapa,50,AO,1562461010,36,-8.42,20.74,16.87,2.01
436,Lafia,63,NG,1562461012,91,8.5,8.51,23.91,1.24
437,Acajutla,0,SV,1562461013,64,13.59,-89.83,29.59,3.35
438,Yoichi,20,JP,1562461014,64,43.19,140.77,23.33,6.7
439,Uusikaupunki,90,FI,1562461016,93,60.8,21.41,9.44,0.5
440,Bukan,0,IR,1562461017,35,36.52,46.21,15.82,1.07
441,Seydi,4,NE,1562461018,45,13.34,7.75,31.6,6.5
442,Boyolangu,0,ID,1562461020,89,-8.09,111.9,21.17,2.22
443,Luganville,75,VU,1562461021,78,-15.51,167.18,27.0,4.1
444,Asaka,75,JP,1562461022,88,35.82,139.6,21.67,4.1
445,Champerico,40,MX,1562461024,55,16.38,-93.6,31.0,3.6
446,Gat,39,SN,1562461025,83,14.69,-16.54,25.0,3.6
447,La Rioja,100,AR,1562461026,75,-29.41,-66.86,5.25,0.35
448,Sao Joao da Barra,83,BR,1562461028,79,-21.64,-41.05,13.82,1.21
449,Bam,0,IR,1562461029,28,29.11,58.36,17.83,1.24
450,Kruisfontein,99,ZA,1562461031,88,-34.0,24.73,13.56,13.61
451,Dubbo,34,AU,1562461032,63,-32.25,148.6,16.0,6.7
452,Tamandare,93,BR,1562461033,81,-8.28,-70.75,20.81,1.4
453,Huittinen,0,FI,1562461034,82,61.18,22.7,13.0,1.5
454,Nhulunbuy,45,AU,1562461036,54,-12.18,136.78,26.0,7.7
455,Sur,58,OM,1562461037,43,22.57,59.53,32.28,0.5
456,Behshahr,75,IR,1562461038,83,36.69,53.54,24.0,2.1
457,Phillipsburg,1,US,1562461040,54,39.76,-99.32,28.0,4.6
458,Vaitape,3,PF,1562461041,82,-16.52,-151.75,25.71,7.67
459,Mitsamiouli,0,KM,1562461042,80,-11.38,43.28,25.23,7.34
460,Guerrero Negro,0,MX,1562461044,84,27.97,-114.04,18.54,6.45
461,Walvis Bay,0,NA,1562461045,96,-22.95,14.51,11.11,4.54
462,Novo Aripuana,100,BR,1562461046,95,-5.12,-60.38,23.63,0.26
463,Freeport,40,BS,1562461044,79,26.54,-78.7,29.0,3.6
464,Isangel,75,VU,1562461049,78,-19.55,169.27,26.0,4.1
465,Beloha,1,MG,1562461050,97,-25.17,45.06,17.09,0.42
466,Lagoa,0,PT,1562461052,82,37.14,-8.45,19.44,4.6
467,Svetlaya,70,RU,1562461053,61,46.54,138.33,21.99,2.06
468,Namibe,62,AO,1562461054,89,-15.19,12.15,20.52,1.7
469,Kailua,75,US,1562461056,83,21.39,-157.74,32.22,4.6
470,Trairi,61,BR,1562461057,92,-3.28,-39.27,22.3,1.59
471,Andapa,60,MG,1562461058,95,-14.66,49.65,15.36,1.13
472,Jangaon,100,IN,1562461060,80,17.72,79.16,24.03,6.22
473,Ialibu,98,PG,1562461061,85,-6.28,143.99,21.22,1.54
474,Kuytun,40,RU,1562461062,82,54.34,101.51,16.71,2.06
475,Ostrovnoy,55,RU,1562461064,88,68.05,39.51,5.82,6.08
476,Tateyama,75,JP,1562461071,78,36.66,137.31,26.67,1.5
477,Veinticinco de Mayo,0,AR,1562461079,88,-27.38,-54.75,1.68,0.77
478,Rondonopolis,0,BR,1562461081,35,-16.46,-54.64,14.22,1.68
479,Santa Fe,0,AR,1562461005,71,-31.62,-60.7,9.44,3.17
480,Puerto Narino,75,CO,1562461083,100,-3.77,-70.38,24.0,1.5
481,Erenhot,0,CN,1562461085,26,43.65,111.97,22.94,3.21
482,Porto Velho,40,BR,1562461086,73,-8.75,-63.87,22.0,2.1
483,Atar,7,MR,1562461088,30,20.52,-13.05,32.99,9.22
484,Dickinson,1,US,1562461089,56,46.88,-102.79,23.89,5.7
485,Rio Branco,40,BR,1562461090,77,-9.98,-67.82,17.0,1.5
486,Fare,13,PF,1562461091,85,-16.7,-151.02,24.83,9.05
487,Mamaku,0,NZ,1562461093,72,-38.1,176.07,13.89,5.36
488,Ukiah,1,US,1562461094,16,39.15,-123.21,31.67,5.1
489,Gimli,49,CA,1562461095,33,50.63,-96.99,23.89,1.93
490,Garowe,49,SO,1562461097,55,8.41,48.48,26.01,10.3
491,Hirado,68,JP,1562461098,83,33.32,129.49,25.0,1.5
492,Prince Rupert,40,CA,1562461099,87,54.32,-130.32,15.0,3.1
493,Montes Altos,50,BR,1562461101,73,-5.83,-47.07,24.94,1.11
494,Prestice,40,CZ,1562461102,39,49.57,13.33,19.44,2.1
495,Dawson Creek,20,CA,1562461103,52,55.76,-120.23,22.0,2.86
496,Kyshtovka,99,RU,1562461105,95,56.56,76.62,14.51,3.13
497,Itupiranga,20,BR,1562460899,83,-5.13,-49.33,26.0,1.0
498,Hofn,1,IS,1562461107,63,64.25,-15.21,4.06,4.25
499,Bellavista,90,MX,1562461109,74,21.56,-104.88,27.0,4.1
500,Payo,65,ID,1562461110,94,-3.75,103.64,19.05,1.48
501,Kaka,0,TM,1562461111,20,37.35,59.62,29.34,1.61
502,Hami,31,CN,1562461112,54,42.84,93.51,21.46,3.08
503,Seoul,75,KR,1562461114,57,37.57,126.98,28.0,1.0
504,Nabire,73,ID,1562461115,83,-3.36,135.5,23.4,1.8
505,Monterey,1,US,1562461117,56,36.6,-121.89,25.0,9.8
506,Oranjemund,16,ZA,1562461118,89,-28.55,16.43,12.81,3.63
507,Sayyan,84,YE,1562461119,55,15.17,44.32,24.72,0.45
508,Badiraguato,40,MX,1562461121,44,25.36,-107.55,34.0,6.2
509,Vanimo,100,PG,1562461125,78,-2.67,141.3,27.03,3.29
510,Mantua,40,IT,1562461132,73,45.16,10.79,28.0,3.1
511,Roebourne,0,AU,1562461133,49,-20.77,117.15,19.33,7.25
512,Raahe,0,FI,1562461134,87,64.68,24.47,12.0,2.6
513,Itoman,75,JP,1562461136,83,26.12,127.67,28.0,3.1
514,Rio Grande,66,BR,1562461137,80,-32.03,-52.1,4.58,2.07
515,San Quintin,91,PH,1562461138,78,17.54,120.52,26.92,1.55
516,Filingue,1,NE,1562461140,30,14.35,3.32,33.74,2.15
517,Rockford,75,US,1562460905,69,42.27,-89.09,24.44,3.6
518,Kandy,99,LK,1562461142,79,7.29,80.64,22.69,1.72
519,Araouane,0,ML,1562461143,22,18.9,-3.53,36.65,3.65
520,Kallaste,97,EE,1562461145,93,58.66,27.16,12.0,3.6
521,Menongue,0,AO,1562461147,45,-14.66,17.68,10.62,1.51
522,Nome,1,US,1562461149,66,30.04,-94.42,32.22,2.6
523,Le Port,51,FR,1562461150,62,42.87,1.37,25.56,0.45
524,Camacha,40,PT,1562461151,77,33.08,-16.33,21.0,5.7
525,Hualmay,67,PE,1562461153,89,-11.1,-77.61,17.26,4.77
526,Rawlins,1,US,1562461157,28,41.79,-107.24,24.0,4.6
527,Leh,8,IN,1562461159,53,34.16,77.58,1.11,1.43
528,Bereda,94,ES,1562461160,88,43.27,-7.54,17.22,0.5
529,Abu Samrah,0,SY,1562461161,60,35.3,37.18,22.85,4.65
530,Mombetsu,75,JP,1562461163,100,44.35,143.35,17.22,1.5
531,Nyagan,58,RU,1562461164,96,62.14,65.43,12.08,2.23
532,Dudinka,0,RU,1562461165,71,69.41,86.18,12.0,7.0
533,Izhma,98,RU,1562461167,98,65.01,53.91,11.44,2.14
534,Hilton Head Island,75,US,1562461168,74,32.16,-80.75,29.44,5.1
535,Harnai,0,PK,1562461169,60,30.1,67.94,27.28,1.22
536,Egvekinot,55,RU,1562461171,67,66.32,-179.17,12.37,4.8
537,Patancheru,75,IN,1562461172,83,17.53,78.27,26.0,6.2
538,Vorozhba,48,UA,1562461173,89,51.17,34.23,10.67,2.95
539,Quelimane,0,MZ,1562461175,96,-17.88,36.89,16.31,0.69
540,Padang,99,ID,1562461176,75,-0.92,100.36,27.46,2.78
541,Mahenge,56,TZ,1562461177,68,-8.68,36.72,21.21,1.26
542,Jacareacanga,21,BR,1562461179,81,-6.22,-57.76,24.28,0.77
543,Whitianga,0,NZ,1562461180,74,-36.83,175.7,13.89,1.06
544,Bitkine,0,TD,1562461181,44,11.98,18.21,30.33,3.47
545,Mumford,100,GH,1562461183,94,5.26,-0.76,23.01,2.26
546,Mogadishu,81,SO,1562461133,89,2.04,45.34,24.3,5.25
547,Caravelas,100,BR,1562461185,79,-17.73,-39.27,23.17,8.52
548,Bilma,7,NE,1562461187,8,18.69,12.92,34.39,6.57
549,Yar-Sale,97,RU,1562461188,56,66.83,70.83,10.28,9.49
550,Grimsby,75,CA,1562461189,94,43.19,-79.56,26.67,1.5
551,Bandarbeyla,96,SO,1562461190,58,9.49,50.81,26.78,11.21
552,Lasa,0,CY,1562461192,73,34.92,32.53,25.0,3.1
553,Galesong,20,ID,1562461193,78,-5.32,119.37,23.0,0.5
554,Kargasok,100,RU,1562461194,68,59.06,80.87,16.39,3.76
555,Praia da Vitoria,20,PT,1562461196,78,38.73,-27.07,22.0,6.85
556,Garissa,74,KE,1562461197,81,-0.46,39.64,22.58,5.61
557,Easton,40,US,1562461025,88,38.77,-76.08,31.0,2.73
558,Petukhovo,0,RU,1562461200,93,55.06,67.89,10.77,4.1
559,Conde,5,BR,1562460908,97,-11.81,-37.61,21.82,1.66
560,Ryotsu,0,JP,1562461203,65,38.08,138.43,25.0,4.6
561,Lompoc,40,US,1562461204,77,34.64,-120.46,23.89,5.7
562,Ponta Delgada,75,PT,1562461206,77,37.73,-25.67,20.0,2.1
563,Dushanbe,0,TJ,1562461207,56,38.58,68.79,21.0,1.0
564,Camargo,99,MX,1562461208,43,27.69,-105.17,24.67,7.44
565,Beba,20,CU,1562461210,66,22.44,-79.73,29.0,5.1
566,Kaltasy,51,RU,1562461211,91,55.97,54.79,11.46,3.25
567,Bonfim,0,BR,1562461212,39,-20.33,-44.24,17.0,2.6
568,Maltahohe,0,NA,1562461214,52,-24.83,16.98,6.54,0.95
569,Great Yarmouth,91,GB,1562461215,87,52.61,1.73,13.89,1.5
570,Gravdal,36,NO,1562461216,81,59.79,5.78,11.67,6.2
571,Barra Velha,0,BR,1562461205,81,-26.63,-48.68,9.44,1.5
